{"cameraMode":{"drawMode":0,"name":"Shaded","section":"Shading Mode"},"sceneLighting":true,"audioPlay":false,"sceneViewState":{"m_AlwaysRefresh":false,"showFog":true,"showSkybox":true,"showFlares":true,"showImageEffects":true,"showParticleSystems":true,"showVisualEffectGraphs":true,"m_FxEnabled":true},"in2DMode":false,"pivot":{"x":-0.19111758470535279,"y":0.9002776741981506,"z":0.5535531044006348},"rotation":{"x":0.12893866002559663,"y":0.7105392813682556,"z":-0.1350378543138504,"w":0.6784517765045166},"size":0.2968865633010864,"orthographic":false}