{"cameraMode":{"drawMode":0,"name":"Shaded","section":"Shading Mode"},"sceneLighting":false,"audioPlay":false,"sceneViewState":{"m_AlwaysRefresh":false,"showFog":true,"showSkybox":false,"showFlares":true,"showImageEffects":true,"showParticleSystems":true,"showVisualEffectGraphs":true,"m_FxEnabled":true},"in2DMode":false,"pivot":{"x":-0.3787556290626526,"y":0.7090929746627808,"z":-0.09686249494552612},"rotation":{"x":0.13607646524906159,"y":0.8622137308120728,"z":-0.3730139434337616,"w":0.3145384192466736},"size":0.6914869546890259,"orthographic":false}