{"cameraMode":{"drawMode":0,"name":"Shaded","section":"Shading Mode"},"sceneLighting":true,"audioPlay":false,"sceneViewState":{"m_AlwaysRefresh":false,"showFog":true,"showSkybox":true,"showFlares":true,"showImageEffects":true,"showParticleSystems":true,"showVisualEffectGraphs":true,"m_FxEnabled":true},"in2DMode":false,"pivot":{"x":22.870323181152345,"y":9.247278213500977,"z":-31.4472713470459},"rotation":{"x":-0.07827918976545334,"y":0.14482438564300538,"z":-0.011491059325635434,"w":-0.9862974286079407},"size":12.960407257080079,"orthographic":true}